Year,Month,Reporting_Airline,vuelos,pct_atrasados
2023,1,9E,16926,21.12
2023,1,AA,74999,22.25
2023,1,AS,19801,20.76
2023,1,B6,23249,26.17
2023,1,DL,75174,20.28
2023,1,F9,13285,33.91
2023,1,G4,8615,28.0
2023,1,HA,6697,21.99
2023,1,MQ,18849,22.67
2023,1,NK,21876,28.38
2023,1,OH,15456,14.36
2023,1,OO,50347,22.19
2023,1,UA,56657,22.88
2023,1,WN,112430,19.42
2023,1,YX,24476,16.15
2023,2,9E,14633,12.82
2023,2,AA,71289,21.22
2023,2,AS,17913,21.83
2023,2,B6,22186,26.0
2023,2,DL,69152,15.68
2023,2,F9,12524,29.46
2023,2,G4,8508,22.84
2023,2,HA,5997,25.65
2023,2,MQ,17228,15.94
2023,2,NK,20192,23.6
2023,2,OH,14050,11.54
2023,2,OO,50486,17.95
2023,2,UA,53408,20.52
2023,2,WN,101455,15.6
2023,2,YX,23728,13.84
2023,3,9E,16941,14.63
2023,3,AA,78705,26.44
2023,3,AS,19975,21.96
2023,3,B6,25793,32.45
2023,3,DL,82791,20.83
2023,3,F9,14461,33.67
2023,3,G4,11070,34.69
2023,3,HA,6814,39.77
2023,3,MQ,19380,22.11
2023,3,NK,22613,34.15
2023,3,OH,16471,14.97
2023,3,OO,57835,19.53
2023,3,UA,61590,22.23
2023,3,WN,117997,23.83
2023,3,YX,27886,13.5
2023,4,9E,15572,14.76
2023,4,AA,77039,25.16
2023,4,AS,19573,21.36
2023,4,B6,24285,31.39
2023,4,DL,80230,17.76
2023,4,F9,13772,32.67
2023,4,G4,10492,26.25
2023,4,HA,6668,41.59
2023,4,MQ,18137,18.81
2023,4,NK,22751,35.51
2023,4,OH,16033,16.4
2023,4,OO,56048,13.88
2023,4,UA,57791,22.63
2023,4,WN,115946,25.25
2023,4,YX,27104,14.26
2023,5,9E,16005,7.78
2023,5,AA,79782,20.68
2023,5,AS,20641,16.29
2023,5,B6,24639,23.88
2023,5,DL,84459,12.66
2023,5,F9,14122,31.91
2023,5,G4,9422,21.13
2023,5,HA,6894,36.03
2023,5,MQ,17641,14.94
2023,5,NK,22506,25.14
2023,5,OH,16049,11.81
2023,5,OO,56397,12.87
2023,5,UA,62340,20.84
2023,5,WN,122521,20.45
2023,5,YX,26540,7.35
2023,6,9E,17307,15.43
2023,6,AA,80416,30.03
2023,6,AS,21337,22.79
2023,6,B6,22795,34.97
2023,6,DL,85929,22.86
2023,6,F9,13937,42.03
2023,6,G4,11483,28.49
2023,6,HA,6832,21.27
2023,6,MQ,17176,22.56
2023,6,NK,21155,37.44
2023,6,OH,17125,23.68
2023,6,OO,56372,16.46
2023,6,UA,62395,29.15
2023,6,WN,119251,29.4
2023,6,YX,23752,16.88
2023,7,9E,17633,18.88
2023,7,AA,83013,31.27
2023,7,AS,22743,21.55
2023,7,B6,22853,42.86
2023,7,DL,89751,23.39
2023,7,F9,14811,41.73
2023,7,G4,12181,33.55
2023,7,HA,7085,16.6
2023,7,MQ,19526,21.01
2023,7,NK,21187,36.67
2023,7,OH,16940,27.23
2023,7,OO,57287,17.06
2023,7,UA,65002,30.86
2023,7,WN,126469,30.88
2023,7,YX,25385,20.89
2023,8,9E,18121,15.56
2023,8,AA,85157,24.99
2023,8,AS,22974,20.42
2023,8,B6,22895,35.01
2023,8,DL,89057,18.46
2023,8,F9,15405,32.67
2023,8,G4,8813,26.72
2023,8,HA,7024,16.22
2023,8,MQ,20359,15.66
2023,8,NK,21514,32.71
2023,8,OH,16777,18.82
2023,8,OO,58093,15.56
2023,8,UA,66801,19.31
2023,8,WN,125664,22.58
2023,8,YX,24333,12.18
2023,9,9E,17319,14.7
2023,9,AA,76972,20.23
2023,9,AS,21426,17.45
2023,9,B6,21412,35.51
2023,9,DL,81701,13.7
2023,9,F9,16353,26.73
2023,9,G4,6892,21.87
2023,9,HA,6718,10.51
2023,9,MQ,18789,17.21
2023,9,NK,21036,23.33
2023,9,OH,16175,16.09
2023,9,OO,59245,15.57
2023,9,UA,62591,17.22
2023,9,WN,117870,19.71
2023,9,YX,24839,14.03
2023,10,9E,17796,7.55
2023,10,AA,81344,16.62
2023,10,AS,20306,14.31
2023,10,B6,22066,25.66
2023,10,DL,85367,9.31
2023,10,F9,17270,25.26
2023,10,G4,9643,20.46
2023,10,HA,6915,22.0
2023,10,MQ,20254,16.38
2023,10,NK,23294,18.7
2023,10,OH,16777,13.08
2023,10,OO,59863,14.17
2023,10,UA,65896,12.72
2023,10,WN,128588,19.67
2023,10,YX,23589,7.28
2023,11,9E,16379,8.19
2023,11,AA,76407,15.09
2023,11,AS,19255,16.52
2023,11,B6,21281,22.66
2023,11,DL,80353,8.63
2023,11,F9,15904,20.1
2023,11,G4,8940,19.03
2023,11,HA,6621,14.8
2023,11,MQ,19729,14.29
2023,11,NK,23164,24.01
2023,11,OH,16150,12.61
2023,11,OO,57194,13.23
2023,11,UA,57897,10.98
2023,11,WN,122501,13.88
2023,11,YX,22002,5.96
2023,12,9E,16888,11.14
2023,12,AA,75408,17.68
2023,12,AS,19400,17.61
2023,12,B6,21398,27.8
2023,12,DL,81022,9.66
2023,12,F9,15698,22.0
2023,12,G4,9480,19.18
2023,12,HA,6702,15.0
2023,12,MQ,20420,14.22
2023,12,NK,22583,24.1
2023,12,OH,16141,14.0
2023,12,OO,55996,14.57
2023,12,UA,59844,13.43
2023,12,WN,127773,17.09
2023,12,YX,21641,8.45
2024,1,9E,16972,22.22
2024,1,AA,77346,28.82
2024,1,AS,17775,22.48
2024,1,B6,19580,28.42
2024,1,DL,74384,18.73
2024,1,F9,14379,26.52
2024,1,G4,8596,21.74
2024,1,HA,6576,26.43
2024,1,MQ,20750,26.38
2024,1,NK,20415,25.83
2024,1,OH,16526,23.74
2024,1,OO,56814,23.03
2024,1,UA,58855,19.81
2024,1,WN,115389,22.8
2024,1,YX,22914,16.21
2024,2,9E,15656,10.14
2024,2,AA,74870,18.65
2024,2,AS,16863,17.01
2024,2,B6,19235,24.12
2024,2,DL,71218,11.23
2024,2,F9,14157,19.84
2024,2,G4,8486,17.65
2024,2,HA,6067,18.81
2024,2,MQ,20117,12.25
2024,2,NK,19929,21.4
2024,2,OH,15655,13.63
2024,2,OO,53325,16.45
2024,2,UA,56834,15.91
2024,2,WN,105207,16.35
2024,2,YX,21602,7.65
2024,3,9E,17062,12.11
2024,3,AA,82259,26.72
2024,3,AS,19639,21.62
2024,3,B6,21565,29.89
2024,3,DL,82668,16.34
2024,3,F9,17324,30.78
2024,3,G4,11031,23.33
2024,3,HA,6455,12.16
2024,3,MQ,22725,19.25
2024,3,NK,22885,28.53
2024,3,OH,17364,16.4
2024,3,OO,56241,16.24
2024,3,UA,64929,18.66
2024,3,WN,125272,22.33
2024,3,YX,24348,8.72
2024,4,9E,16964,12.43
2024,4,AA,81216,23.86
2024,4,AS,19430,20.59
2024,4,B6,20124,21.87
2024,4,DL,82812,15.6
2024,4,F9,17081,29.16
2024,4,G4,9271,13.57
2024,4,HA,6375,14.54
2024,4,MQ,23148,18.91
2024,4,NK,21998,17.36
2024,4,OH,18611,21.54
2024,4,OO,59669,16.14
2024,4,UA,61044,19.01
2024,4,WN,120579,19.63
2024,4,YX,23863,11.99
2024,5,9E,16310,15.78
2024,5,AA,86765,35.42
2024,5,AS,21257,23.93
2024,5,B6,21246,24.64
2024,5,DL,88381,21.18
2024,5,F9,18647,33.51
2024,5,G4,9567,20.66
2024,5,HA,6652,20.61
2024,5,MQ,24488,31.97
2024,5,NK,23298,26.64
2024,5,OH,18822,28.27
2024,5,OO,62107,20.27
2024,5,UA,64156,25.92
2024,5,WN,122496,27.62
2024,5,YX,25551,15.35
2024,6,9E,16692,18.85
2024,6,AA,85581,31.32
2024,6,AS,22166,25.24
2024,6,B6,19903,27.18
2024,6,DL,89065,19.74
2024,6,F9,18646,34.97
2024,6,G4,12229,25.08
2024,6,HA,6597,15.69
2024,6,MQ,25111,27.77
2024,6,NK,23437,26.41
2024,6,OH,18526,18.03
2024,6,OO,61853,22.21
2024,6,UA,63005,23.76
2024,6,WN,123817,25.64
2024,6,YX,24504,15.65
2024,7,9E,17257,26.42
2024,7,AA,88291,36.84
2024,7,AS,23884,25.66
2024,7,B6,20182,30.43
2024,7,DL,92296,27.82
2024,7,F9,19432,33.44
2024,7,G4,12861,28.6
2024,7,HA,6820,14.94
2024,7,MQ,26111,28.55
2024,7,NK,24769,33.55
2024,7,OH,20078,32.42
2024,7,OO,63914,21.28
2024,7,UA,65463,27.47
2024,7,WN,127642,28.38
2024,7,YX,25613,21.68
2024,8,9E,17102,19.32
2024,8,AA,85963,30.04
2024,8,AS,23265,24.81
2024,8,B6,20498,34.24
2024,8,DL,90397,18.98
2024,8,F9,18813,31.37
2024,8,G4,9244,24.3
2024,8,HA,6829,11.6
2024,8,MQ,25925,19.73
2024,8,NK,24676,28.66
2024,8,OH,20730,24.13
2024,8,OO,65390,20.12
2024,8,UA,65939,22.51
2024,8,WN,118338,20.11
2024,8,YX,25916,18.58
2024,9,9E,15868,9.6
2024,9,AA,80709,19.19
2024,9,AS,21548,20.06
2024,9,B6,18350,17.77
2024,9,DL,84545,12.83
2024,9,F9,17491,23.45
2024,9,G4,6889,16.61
2024,9,HA,6450,9.83
2024,9,MQ,23598,15.2
2024,9,NK,20399,17.14
2024,9,OH,19944,20.62
2024,9,OO,64633,15.35
2024,9,UA,64212,13.16
2024,9,WN,112561,14.43
2024,9,YX,25425,10.05
2024,10,9E,16841,7.87
2024,10,AA,86812,15.64
2024,10,AS,20503,16.76
2024,10,B6,19694,13.8
2024,10,DL,88300,9.54
2024,10,F9,17801,23.51
2024,10,G4,9195,14.18
2024,10,HA,6583,12.74
2024,10,MQ,23564,10.63
2024,10,NK,21176,14.5
2024,10,OH,21146,15.18
2024,10,OO,69069,14.31
2024,10,UA,68403,11.63
2024,10,WN,119251,13.17
2024,10,YX,27159,8.1
2024,11,9E,16019,9.67
2024,11,AA,76757,16.32
2024,11,AS,19462,16.8
2024,11,B6,19134,15.68
2024,11,DL,81825,11.22
2024,11,F9,17559,22.29
2024,11,G4,8757,15.75
2024,11,HA,6427,10.3
2024,11,MQ,21834,12.93
2024,11,NK,19459,14.26
2024,11,OH,19666,13.36
2024,11,OO,65042,17.96
2024,11,UA,63581,17.16
2024,11,WN,112591,12.65
2024,11,YX,27291,12.28
2024,12,9E,17351,19.4
2024,12,AA,77737,22.37
2024,12,AS,20027,21.59
2024,12,B6,20771,30.28
2024,12,DL,83283,19.6
2024,12,F9,17294,24.15
2024,12,G4,11084,26.19
2024,12,HA,6699,15.75
2024,12,MQ,22584,19.73
2024,12,NK,18662,22.3
2024,12,OH,20903,27.07
2024,12,OO,66601,21.36
2024,12,UA,64030,18.67
2024,12,WN,116276,19.32
2024,12,YX,27279,18.23
2025,1,AA,75088,18.46
2025,1,AS,18163,17.27
2025,1,B6,17918,23.96
2025,1,DL,76306,18.74
2025,1,F9,15526,25.28
2025,1,G4,9345,23.36
2025,1,HA,6690,13.24
2025,1,MQ,21890,17.54
2025,1,NK,17544,17.46
2025,1,OH,21094,23.13
2025,1,OO,65036,20.39
2025,1,UA,62007,17.25
2025,1,WN,105307,14.75
2025,1,YX,27833,15.36
2025,2,AA,69876,20.23
2025,2,AS,16315,20.61
2025,2,B6,17685,27.65
2025,2,DL,71333,19.89
2025,2,F9,15440,24.81
2025,2,G4,9371,24.71
2025,2,HA,6013,17.23
2025,2,MQ,19995,18.75
2025,2,NK,16232,18.44
2025,2,OH,19508,32.38
2025,2,OO,59806,23.17
2025,2,UA,57628,18.65
2025,2,WN,100199,16.37
2025,2,YX,25483,20.69
2025,3,AA,82536,22.71
2025,3,AS,18925,18.77
2025,3,B6,21304,22.55
2025,3,DL,84487,18.28
2025,3,F9,18846,24.59
2025,3,G4,13355,22.12
2025,3,HA,6811,16.87
2025,3,MQ,24032,19.71
2025,3,NK,19828,18.62
2025,3,OH,21981,24.32
2025,3,OO,70517,19.47
2025,3,UA,66994,17.25
2025,3,WN,122432,17.38
2025,3,YX,28824,15.28
2025,4,AA,82261,24.03
2025,4,AS,19025,18.75
2025,4,B6,20002,17.52
2025,4,DL,84188,17.64
2025,4,F9,17451,26.13
2025,4,G4,10926,20.79
2025,4,HA,6559,17.61
2025,4,MQ,24343,20.94
2025,4,NK,18303,16.91
2025,4,OH,21311,25.07
2025,4,OO,69319,17.4
2025,4,UA,64256,18.11
2025,4,WN,117622,18.85
2025,4,YX,28384,15.95
2025,5,AA,86123,26.01
2025,5,AS,21751,25.0
2025,5,B6,19663,25.56
2025,5,DL,89931,21.9
2025,5,F9,16036,30.19
2025,5,G4,11079,23.77
2025,5,HA,6985,12.47
2025,5,MQ,25534,20.81
2025,5,NK,17744,24.6
2025,5,OH,22147,29.72
2025,5,OO,72962,18.48
2025,5,UA,67807,24.16
2025,5,WN,119819,22.91
2025,5,YX,28067,23.38
2025,6,AA,85419,31.86
2025,6,AS,22576,30.0
2025,6,B6,18953,27.96
2025,6,DL,91122,25.61
2025,6,F9,16058,37.2
2025,6,G4,13783,30.35
2025,6,HA,6839,17.87
2025,6,MQ,26837,26.43
2025,6,NK,17623,24.54
2025,6,OH,21161,33.78
2025,6,OO,73660,24.71
2025,6,UA,66324,26.12
2025,6,WN,122348,27.88
2025,6,YX,28872,24.94
2025,7,AA,87852,33.6
2025,7,AS,23619,29.85
2025,7,B6,20690,31.8
2025,7,DL,94066,24.36
2025,7,F9,16409,34.87
2025,7,G4,13978,29.84
2025,7,HA,7066,20.27
2025,7,MQ,27489,25.66
2025,7,NK,17307,24.34
2025,7,OH,21214,28.58
2025,7,OO,75877,24.2
2025,7,UA,69788,29.64
2025,7,WN,125677,28.43
2025,7,YX,30396,24.72
2025,8,AA,83024,29.79
2025,8,AS,22976,26.84
2025,8,B6,20204,24.46
2025,8,DL,90313,16.84
2025,8,F9,16697,28.92
2025,8,G4,10499,23.94
2025,8,HA,6946,14.28
2025,8,MQ,26564,20.78
2025,8,NK,17155,22.23
2025,8,OH,20427,23.28
2025,8,OO,74150,20.52
2025,8,UA,68946,23.16
2025,8,WN,114519,21.28
2025,8,YX,29958,16.32
2025,9,AA,77306,20.62
2025,9,AS,20747,16.24
2025,9,B6,16215,20.64
2025,9,DL,84875,12.35
2025,9,F9,14896,20.27
2025,9,G4,6925,17.0
2025,9,HA,6428,11.56
2025,9,MQ,25170,15.76
2025,9,NK,15058,15.66
2025,9,OH,19218,16.09
2025,9,OO,69406,15.2
2025,9,UA,67550,16.9
2025,9,WN,110361,16.98
2025,9,YX,28284,16.47
2025,10,AA,85483,23.02
2025,10,AS,20637,19.45
2025,10,B6,18401,25.09
2025,10,DL,90097,15.89
2025,10,F9,16935,22.14
2025,10,G4,10470,22.04
2025,10,HA,6616,18.18
2025,10,MQ,27348,18.3
2025,10,NK,14128,19.3
2025,10,OH,20423,18.92
2025,10,OO,71927,17.16
2025,10,UA,71415,19.52
2025,10,WN,121588,22.54
2025,10,YX,30376,23.33
2025,11,AA,78826,22.92
2025,11,AS,19752,18.49
2025,11,B6,19818,24.1
2025,11,DL,84475,17.25
2025,11,F9,17047,23.6
2025,11,G4,9652,22.75
2025,11,HA,6426,18.05
2025,11,MQ,24683,16.93
2025,11,NK,11793,20.9
2025,11,OH,19746,23.94
2025,11,OO,68347,17.15
2025,11,UA,66691,20.35
2025,11,WN,113938,19.78
2025,11,YX,29356,22.18
2025,12,AA,79859,26.21
2025,12,AS,21102,27.5
2025,12,B6,20560,35.07
2025,12,DL,85139,24.77
2025,12,F9,16724,30.46
2025,12,G4,11516,30.59
2025,12,HA,6705,27.76
2025,12,MQ,25437,22.99
2025,12,NK,11800,32.38
2025,12,OH,20505,34.31
2025,12,OO,68814,26.45
2025,12,UA,65865,22.61
2025,12,WN,118075,24.43
2025,12,YX,30203,29.66
