medida,esperado,obtenido,cuadra
filas,20928579.0,20928579.0,True
taxiout_nulo,285189.0,285189.0,True
taxiin_nulo,292087.0,292087.0,True
vuelos_validos,20636222.0,20636222.0,True
vuelos_en_resumen,20636222.0,20636222.0,True
horas_salida,6187796.0,6187796.23,True
horas_llegada,2869540.0,2869539.6799999997,True
horas_total,9057336.0,9057335.92,True
co2_t_bajo,10303625.0,10303625.0,True
co2_t_alto,20607251.0,20607251.0,True
grupo_hora_24_cast,59378.0,59378.0,True
taxiout_media,17.99,17.99,True
taxiin_media,8.35,8.35,True
top_salida_ORD,392002.0,392002.0,True
top_salida_DFW,335161.0,335161.0,True
top_salida_DEN,321352.0,321352.0,True
top_salida_ATL,306815.0,306815.0,True
top_salida_CLT,239863.0,239863.0,True
top_salida_LGA,206315.0,206315.0,True
top_salida_SEA,198740.0,198740.0,True
top_salida_LAX,196097.0,196097.0,True
top_salida_LAS,192275.0,192275.0,True
top_salida_JFK,181070.0,181070.0,True
