anio,mes,filas,fechas_distintas,fechas_fuera_de_particion
2023,1,538837,31,0
2023,2,502749,28,0
2023,3,580322,31,0
2023,4,561441,30,0
2023,5,579958,31,0
2023,6,577262,30,0
2023,7,601866,31,0
2023,8,602987,31,0
2023,9,569338,30,0
2023,10,598968,31,0
2023,11,563777,30,0
2023,12,570394,31,0
2024,1,547271,31,0
2024,2,519221,29,0
2024,3,591767,31,0
2024,4,582185,30,0
2024,5,609743,31,0
2024,6,611132,30,0
2024,7,634613,31,0
2024,8,619025,31,0
2024,9,582622,30,0
2024,10,615497,31,0
2024,11,575404,30,0
2024,12,590581,31,0
2025,1,539747,31,0
2025,2,504884,28,0
2025,3,600872,31,0
2025,4,583950,30,0
2025,5,605648,31,0
2025,6,611575,30,0
2025,7,631428,31,0
2025,8,602378,31,0
2025,9,562439,30,0
2025,10,605844,31,0
2025,11,570550,30,0
2025,12,582304,31,0
