aeropuerto_dest,aeropuerto_div1,vuelos,min_taxiin,co2_t_bajo
MCO,TPA,651,11018.0,208.901
DEN,COS,997,10469.0,198.492
DFW,OKC,615,9991.0,189.429
DFW,AUS,484,8074.0,153.083
DFW,IAH,406,7873.0,149.272
ORD,IND,367,6575.0,124.662
MCO,JAX,303,5105.0,96.791
DFW,SAT,248,4965.0,94.136
ORD,MKE,206,4666.0,88.467
DEN,GJT,402,4567.0,86.59
DFW,TUL,209,4236.0,80.315
MIA,RSW,297,4046.0,76.712
ATL,BHM,233,3798.0,72.01
IAH,AUS,232,3713.0,70.398
IAH,SAT,214,3367.0,63.838
DCA,IAD,377,3139.0,59.515
ATL,BNA,186,3088.0,58.548
EWR,IAD,217,2946.0,55.856
ORD,STL,169,2748.0,52.102
MIA,MCO,169,2739.0,51.931
