column_name,column_type,null,key,default,extra
Quarter,BIGINT,YES,,,
DayofMonth,BIGINT,YES,,,
DayOfWeek,BIGINT,YES,,,
FlightDate,VARCHAR,YES,,,
Reporting_Airline,VARCHAR,YES,,,
DOT_ID_Reporting_Airline,BIGINT,YES,,,
IATA_CODE_Reporting_Airline,VARCHAR,YES,,,
Tail_Number,VARCHAR,YES,,,
Flight_Number_Reporting_Airline,BIGINT,YES,,,
OriginAirportID,BIGINT,YES,,,
OriginAirportSeqID,BIGINT,YES,,,
OriginCityMarketID,BIGINT,YES,,,
Origin,VARCHAR,YES,,,
OriginCityName,VARCHAR,YES,,,
OriginState,VARCHAR,YES,,,
OriginStateFips,BIGINT,YES,,,
OriginStateName,VARCHAR,YES,,,
OriginWac,BIGINT,YES,,,
DestAirportID,BIGINT,YES,,,
DestAirportSeqID,BIGINT,YES,,,
DestCityMarketID,BIGINT,YES,,,
Dest,VARCHAR,YES,,,
DestCityName,VARCHAR,YES,,,
DestState,VARCHAR,YES,,,
DestStateFips,BIGINT,YES,,,
DestStateName,VARCHAR,YES,,,
DestWac,BIGINT,YES,,,
CRSDepTime,BIGINT,YES,,,
DepTime,DOUBLE,YES,,,
DepDelay,DOUBLE,YES,,,
DepDelayMinutes,DOUBLE,YES,,,
DepDel15,DOUBLE,YES,,,
DepartureDelayGroups,DOUBLE,YES,,,
DepTimeBlk,VARCHAR,YES,,,
TaxiOut,DOUBLE,YES,,,
WheelsOff,DOUBLE,YES,,,
WheelsOn,DOUBLE,YES,,,
TaxiIn,DOUBLE,YES,,,
CRSArrTime,BIGINT,YES,,,
ArrTime,DOUBLE,YES,,,
ArrDelay,DOUBLE,YES,,,
ArrDelayMinutes,DOUBLE,YES,,,
ArrDel15,DOUBLE,YES,,,
ArrivalDelayGroups,DOUBLE,YES,,,
ArrTimeBlk,VARCHAR,YES,,,
Cancelled,DOUBLE,YES,,,
CancellationCode,VARCHAR,YES,,,
Diverted,DOUBLE,YES,,,
CRSElapsedTime,DOUBLE,YES,,,
ActualElapsedTime,DOUBLE,YES,,,
AirTime,DOUBLE,YES,,,
Flights,DOUBLE,YES,,,
Distance,DOUBLE,YES,,,
DistanceGroup,BIGINT,YES,,,
CarrierDelay,DOUBLE,YES,,,
WeatherDelay,DOUBLE,YES,,,
NASDelay,DOUBLE,YES,,,
SecurityDelay,DOUBLE,YES,,,
LateAircraftDelay,DOUBLE,YES,,,
FirstDepTime,DOUBLE,YES,,,
TotalAddGTime,DOUBLE,YES,,,
LongestAddGTime,DOUBLE,YES,,,
DivAirportLandings,BIGINT,YES,,,
DivReachedDest,DOUBLE,YES,,,
DivActualElapsedTime,DOUBLE,YES,,,
DivArrDelay,DOUBLE,YES,,,
DivDistance,DOUBLE,YES,,,
Div1Airport,VARCHAR,YES,,,
Div1AirportID,DOUBLE,YES,,,
Div1AirportSeqID,DOUBLE,YES,,,
Div1WheelsOn,DOUBLE,YES,,,
Div1TotalGTime,DOUBLE,YES,,,
Div1LongestGTime,DOUBLE,YES,,,
Div1WheelsOff,DOUBLE,YES,,,
Div1TailNum,VARCHAR,YES,,,
Div2Airport,VARCHAR,YES,,,
Div2AirportID,DOUBLE,YES,,,
Div2AirportSeqID,DOUBLE,YES,,,
Div2WheelsOn,DOUBLE,YES,,,
Div2TotalGTime,DOUBLE,YES,,,
Div2LongestGTime,DOUBLE,YES,,,
Div2WheelsOff,DOUBLE,YES,,,
Div2TailNum,VARCHAR,YES,,,
Div3Airport,DOUBLE,YES,,,
Div3AirportID,DOUBLE,YES,,,
Div3AirportSeqID,DOUBLE,YES,,,
Div3WheelsOn,DOUBLE,YES,,,
Div3TotalGTime,DOUBLE,YES,,,
Div3LongestGTime,DOUBLE,YES,,,
Div3WheelsOff,DOUBLE,YES,,,
Div3TailNum,DOUBLE,YES,,,
Div4Airport,DOUBLE,YES,,,
Div4AirportID,DOUBLE,YES,,,
Div4AirportSeqID,DOUBLE,YES,,,
Div4WheelsOn,DOUBLE,YES,,,
Div4TotalGTime,DOUBLE,YES,,,
Div4LongestGTime,DOUBLE,YES,,,
Div4WheelsOff,DOUBLE,YES,,,
Div4TailNum,DOUBLE,YES,,,
Div5Airport,DOUBLE,YES,,,
Div5AirportID,DOUBLE,YES,,,
Div5AirportSeqID,DOUBLE,YES,,,
Div5WheelsOn,DOUBLE,YES,,,
Div5TotalGTime,DOUBLE,YES,,,
Div5LongestGTime,DOUBLE,YES,,,
Div5WheelsOff,DOUBLE,YES,,,
Div5TailNum,DOUBLE,YES,,,
Unnamed: 109,DOUBLE,YES,,,
Month,BIGINT,YES,,,
Year,BIGINT,YES,,,
