columna,presente,nulos,no_nulos
FlightDate,True,0,20928579
Year,True,0,20928579
Month,True,0,20928579
DayOfWeek,True,0,20928579
Reporting_Airline,True,0,20928579
Flight_Number_Reporting_Airline,True,1,20928578
Tail_Number,True,48139,20880440
Origin,True,0,20928579
Dest,True,0,20928579
CRSDepTime,True,0,20928579
TaxiOut,True,285189,20643390
TaxiIn,True,292087,20636492
Cancelled,True,0,20928579
Diverted,True,0,20928579
Div1Airport,True,20873302,55277
DivActualElapsedTime,True,20880219,48360
Distance,True,0,20928579
